rank,article,views
1,Main Page,6117318
2,Special:Search,843078
3,Troy Parrott,364546
4,2026 FIFA World Cup qualification (UEFA),341058
5,UFC 322,316030
6,Google Chrome,282558
7,2026 FIFA World Cup qualification,251048
8,Wikipedia:Featured pictures,238719
9,Islam Makhachev,233435
10,Dillon Danis,165285
11,2026 FIFA World Cup,157227
12,James A. Garfield,156002
13,Frankenstein (2025 film),155408
14,Valentina Shevchenko,139312
15,.xxx,139237
16,Pluribus (TV series),136795
17,Deaths in 2025,134404
18,Todd Snider,133166
19,The Beast in Me (TV series),132467
20,Fuck,129840
21,Jeffrey Epstein,124333
22,Jack Della Maddalena,124214
23,2026 FIFA World Cup qualification – UEFA second round,116566
24,2025 Bihar Legislative Assembly election,111623
25,Olivia Dean,109820
26,Ruby Wax,107257
27,Glen Powell,106378
28,One Battle After Another,105954
29,The Running Man (2025 film),104602
30,ChatGPT,99099
31,Michael Morales (fighter),98616
32,Wikipedia:Asian Month/2025,98595
33,Claire Danes,97490
34,2026 FIFA World Cup qualification (inter-confederation play-offs),96638
35,1989 Tiananmen Square protests and massacre,95757
36,Conor Benn,93537
37,Jacob Elordi,90055
38,Eddie Murphy,86809
39,6-7 (meme),86796
40,Frankenstein,86470
41,Lake Nyos disaster,83352
42,Now You See Me: Now You Don't,78945
43,Arch Manning,78421
44,Kelly Brook,76869
45,Dude (2025 film),76675
46,Chester A. Arthur,76122
47,Jack Doherty (YouTuber),75848
48,2018 Horizon Air Bombardier Q400 incident,74908
49,Matthew Rhys,74822
50,Carlos Prates,74728
51,Millie Bobby Brown,74171
52,Varanasi (2027 film),72134
53,Marjorie Taylor Greene,71669
54,Chris Eubank Jr,69877
55,Predator: Badlands,68137
56,Ed Gein,67230
57,Charles J. Guiteau,66662
58,Mia Goth,66619
59,Kris Boyd (American football),66295
60,Jeffrey Epstein client list,65940
61,De De Pyaar De 2,63524
62,Leon Edwards,63106
63,Lalu Prasad Yadav,62661
64,Bigg Boss (Tamil TV series) season 9,62520
65,Zhang Weili,61472
66,All Her Fault,59944
67,Kaantha,59689
68,Last Samurai Standing (TV series),59589
69,Maithili Thakur,59540
70,Jack Osbourne,58046
71,Donald Trump,56612
72,UFC rankings,56266
73,S. S. Rajamouli,55175
74,Angryginge,54541
75,Harry Kane,52227
76,Jolly LLB 3,52226
77,Sean Brady (fighter),52088
78,Virginia Giuffre,51307
79,List of UFC champions,51247
80,Ethiopian Airlines Flight 961,51124
81,Bigg Boss (Hindi TV series) season 19,50233
82,Stranger Things,50104
83,Dispatch (video game),49868
84,Delhi Crime,49167
85,Portal:Current events,49148
86,Zohran Mamdani,48879
87,Ghislaine Maxwell,47490
88,Pixiu,47475
89,1xBet,47453
90,Dharmendra,47294
91,Nigel Benn,46827
92,Ilia Topuria,46684
93,Chris Eubank,46575
94,YouTube,46280
95,Call of Duty: Black Ops 7,46185
96,Khabib Nurmagomedov,45913
97,Shabana Mahmood,45743
98,Bo Nickal,45585
99,2025 Chilean general election,45483
100,Absentia (TV series),44231
101,It – Welcome to Derry,43801
102,Nitish Kumar,43324
103,Malice (TV series),43098
104,Eddington (film),43055
105,AZ Alkmaar,42763
106,Charlie Murphy (actor),42645
107,Jeffrey Manchester,42633
108,2026 FIFA World Cup qualification – UEFA Group F,42208
109,Cooper Manning,42083
110,Alice Wong (activist),41790
111,Cynthia Erivo,41744
112,Martin Kemp,41732
113,Wikipedia:Wiki Science Competition 2025 in the United States,41524
114,Landman (TV series),41492
115,Erling Haaland,40899
116,Dan McGrath,40089
117,Bill Clinton,39566
118,Jannik Sinner,39399
119,Billy Bob Thornton,39045
120,Ansel Adams,39014
121,Mahesh Babu,38825
122,Brittany Snow,38824
123,Nick Fuentes,38749
124,Jameis Winston,38685
125,Nuremberg (2025 film),38581
126,Death by Lightning,38527
127,Benoît Saint Denis,38388
128,XXX (Kendrick Lamar song),38363
129,Marcus Mariota,38340
130,Playdate (film),38084
131,Sydney Sweeney,38065
132,Dasha Nekrasova,37536
133,Guillermo del Toro,37491
134,Ariana Grande,37228
135,Kenny Easley,36943
136,Wicked (2024 film),36916
137,Oscar Isaac,36730
138,Priyanka Chopra,36609
139,Hugh Dancy,36585
140,Mary Shelley,36550
141,Wuthering Heights,36420
142,Chess World Cup 2025,36352
143,Aitch (rapper),36328
144,Hermann Göring,35994
145,Cleopatra,35249
146,Soham murders,34912
147,Magomed Zaynukov,34797
148,Miss Universe 2025,34667
149,Instagram,34540
150,Beneil Dariush,34451
151,Keri Russell,34335
152,Republic of Ireland national football team,34126
153,Scarlett Johansson,33822
154,Black Widow (Natasha Romanova),33755
155,Thomas Massie,33729
156,2026 FIFA World Cup qualification (CAF),33718
157,Jack Schlossberg,33603
158,KPop Demon Hunters,33597
159,Wicked: For Good,33342
160,Keeper (2025 film),33224
161,Richard Burton,32898
162,Michael Jackson,32672
163,Lane Kiffin,32594
164,Claudia Sheinbaum,32516
165,XXX (film series),32404
166,Tejashwi Yadav,32092
167,ATP Finals,32039
168,Bugonia (film),31991
169,Wikipedia,31670
170,Ali Larter,31483
171,Google,31384
172,List of UFC events,31297
173,Cristiano Ronaldo,31222
174,Strictly Come Dancing series 23,31000
175,List of presidents of the United States,30897
176,2025 Grand Slam of Darts,30857
177,Declan Rice,30720
178,Mark Epstein (property developer),30594
179,Alan Ritchson,30539
180,NBC Sports,30392
181,QR code,30352
182,FIFA Men's World Ranking,30346
183,Suicide of Sunil Tripathi,30339
184,Alicia Silverstone,30045
185,Stranger Things season 5,29497
186,Bihar Legislative Assembly,29336
187,Tracy Cortez,29142
188,Survivor Series: WarGames (2025),29108
189,Luke Littler,29048
190,Kantara: Chapter 1,29026
191,United States,28488
192,Jake Bongiovi,28347
193,List of U.S. state dinosaurs,28116
194,The Fantastic Four: First Steps,27958
195,Sex,27818
196,Weapons (2025 film),27791
197,Rhea Seehorn,27753
198,The Running Man (1987 film),27732
199,Dakota Fanning,27687
200,The Odyssey (2026 film),27650
201,November 2015 Paris attacks,27631
202,Josh Allen,27525
203,Vicky Pattison,27492
204,Peyton Manning,27428
205,"Alex Scott (footballer, born 1984)",27382
206,Sebastian Maniscalco,27226
207,List of current UFC fighters,27089
208,Tej Pratap Yadav,26845
209,Roscoe Conkling,26811
210,FIFA World Cup,26651
211,Khamzat Chimaev,26463
212,Steam Machine (computer),26412
213,Shavkat Rakhmonov,26298
214,Baker Mayfield,26257
215,Jurassic World Rebirth,26199
216,Chirag Paswan,26168
217,Carlos Alcaraz,26096
218,Adolf Hitler,26076
219,Shona McGarty,26037
220,Zootopia 2,25981
221,Monica Lewinsky,25641
222,A House of Dynamite,25531
223,I'm a Celebrity...Get Me Out of Here! (British TV series),25382
224,Ian Machado Garry,25287
225,Charlie Kirk,25214
226,Now You See Me (film),25164
227,Sam Elliott,25104
228,Belal Muhammad,25093
229,O. J. Simpson,25090
230,Madeira,25037
231,Die My Love,24738
232,Bo Nix,24715
233,Erin Blanchfield,24649
234,Adriano Martins,24403
235,The Witcher (TV series),24220
236,File:WhatsApp.svg,24207
237,Dick Van Dyke,24107
238,Peter Thiel,24106
239,Natalie Morales (actress),24086
240,Scott Galloway (professor),24006
241,John Beam,24000
242,2026 FIFA World Cup qualification (CONCACAF),23907
243,3I/ATLAS,23906
244,Where Winds Meet,23740
245,Norway national football team,23735
246,Murder of Junko Furuta,23732
247,Elle Fanning,23656
248,Utrecht,23526
249,2026 FIFA World Cup qualification – UEFA Group I,23496
250,Keanu Reeves,23444
251,Megyn Kelly,23425
252,Durrës,22998
253,The Girlfriend (2025 film),22794
254,Judy Garland,22792
255,Slow Horses,22767
256,File:Bandera santa cruz de la palma.png,22717
257,Mahesh Babu filmography,22713
258,World War II,22641
259,Rosamund Pike,22599
260,Stephen Corey Bryant,22455
261,Roofman,22443
262,Billy Crudup,22327
263,SS Edmund Fitzgerald,22179
264,Paul Thomas Anderson,22121
265,Rodolfo Vieira,22070
266,Now You See Me 2,22010
267,Misa Bharti,21938
268,Prashant Kishor,21903
269,A Merry Little Ex-Mas,21861
270,2026 FIFA World Cup qualification – CONCACAF third round,21829
271,Hasbulla,21690
272,Matthew McConaughey,21686
273,Eddie Kadi,21676
274,Noah Schnapp,21650
275,2020 Bihar Legislative Assembly election,21638
276,Death of Jeffrey Epstein,21609
277,Ozzy Osbourne,21557
278,XXXTentacion,21545
279,Elon Musk,21529
280,Dylan Thomas,21514
281,"Neatsville, Kentucky",21480
282,O'Connell School,21437
283,Lawrence Summers,21430
283,Laalo - Krishna Sada Sahaayate,21430
285,UFC Fight Night: Tsarukyan vs. Hooker,21401
286,Ultimate Fighting Championship,21381
287,M. K. Thyagaraja Bhagavathar,21344
288,Isla Fisher,21331
289,Carlos Forbs,21325
290,List of James Bond films,21310
291,The Running Man (novel),21245
291,Mike McDaniel,21245
293,Kirby Smart,21099
294,Picts,21043
295,The Big C (TV series),20954
296,Elizabeth II,20884
297,Steve Sarkisian,20835
298,LeBron James,20768
299,Roy Cohn,20700
300,Leonardo DiCaprio,20640
301,Festy Ebosele,20558
302,Archie Manning,20538
303,Wild Cherry (TV series),20495
304,Freakier Friday,20458
305,Help:IPA/English,20457
306,Lionel Messi,20445
307,Gunner Stockton,20379
308,England national football team,20181
309,2026 FIFA World Cup qualification (AFC),20157
310,Finn Azaz,20150
311,2025 FIFA U-17 World Cup,20023
312,Teyana Taylor,19984
313,Henry Pollock (rugby union),19925
314,Dancing with the Stars (American TV series) season 34,19864
315,Pradeep Ranganathan,19762
316,Nick Jonas,19754
317,Joe Jonas,19733
318,Donald Trump sexual misconduct allegations,19714
319,Avengers: Doomsday,19670
320,John F. Kennedy,19641
321,Company,19584
322,Lucretia Garfield,19580
323,Kamaru Usman,19526
324,Stephen Schwartz,19492
325,Rock Hudson,19461
326,Farhan Akhtar,19396
327,Julian Sayin,19318
328,Wuthering Heights (2026 film),19286
329,Groypers,19235
330,Tom Cruise,19130
331,Dennis Nilsen,19019
332,Amanda Nunes,18954
333,Little Children (film),18925
334,2024–25 UEFA Nations League,18921
335,John Wayne Gacy,18909
336,Dear X (TV series),18890
337,2025 Delhi car explosion,18864
338,Stana Katic,18832
339,Natalia Dyer,18776
340,Keira Knightley,18742
341,Shia LaBeouf,18700
342,Charles III,18676
343,Rosalía,18659
344,Paul Walker,18630
345,Chase Infiniti,18598
346,Mr. Mercedes (TV series),18589
347,Chris Eubank Jr vs. Conor Benn,18550
348,2025 MotoGP World Championship,18533
349,Charlie Heaton,18506
350,Portugal national football team,18502
351,Demi Moore,18458
352,Dave Portnoy,18442
353,Death of Baby Falak,18437
354,Barack Obama,18409
354,Jarell Quansah,18409
356,The Diplomat (American TV series),18278
357,Predator (franchise),18236
358,Gregory Rodrigues,18189
359,Opinion polling for the next United Kingdom general election,18166
360,List of Hindi films of 2025,18151
361,Hailee Steinfeld,18111
362,Eredivisie,18066
363,Tulsa King,18019
364,India,17912
365,ONE 173,17890
366,The Secret Lives of Mormon Wives,17886
367,Ulysses S. Grant,17880
368,The Long Walk (2025 film),17824
369,Bhagyashri Borse,17823
370,Wicked (musical),17790
371,Olly Murs,17779
372,Sean Penn,17671
373,UFC 323,17629
374,The Holocaust,17605
375,Jonathan Bailey,17559
376,John Fetterman,17488
377,Baramulla (film),17455
378,Stephen Curry,17451
379,William Shatner,17412
380,Sarah Snook,17403
381,A Very Jonas Christmas Movie,17400
382,Christoph Waltz,17375
383,Aileen Wuornos,17349
384,2024 United States presidential election,17347
385,Ed Bye,17301
386,Jennifer Lawrence,17257
387,Laura Linney,17242
388,David Lyons (actor),17206
389,Mohammad Shahabuddin (Indian politician),17204
390,John Candy,17199
391,Freddie Mercury,17166
392,Taylor Swift,17149
393,Physical: Asia,17091
394,Michael Caine,17060
395,Vince Gilligan,16990
396,Avihitham,16977
397,John Lennon,16966
398,Carlos Manzo,16952
399,List of Marvel Cinematic Universe films,16915
399,Albania,16915
401,Katie Wilson,16889
402,Jake Lacy,16868
403,List of Stranger Things episodes,16865
404,Elizabeth Franz,16849
405,Dylan Llewellyn,16813
406,Madeleine Westerhout,16806
407,Boghead (bastle),16801
408,In Your Dreams (film),16777
409,United Kingdom,16710
410,Karolina Wydra,16689
411,List of countries by GDP (nominal),16680
412,Dakota Johnson,16647
413,All's Fair (2025 TV series),16638
414,Call of Duty,16636
415,Tom Brady,16624
416,Karen Carney,16610
417,Sam Altman,16577
418,Pornhub,16528
419,La Voix (drag queen),16485
420,2024 Indian general election,16477
421,Jason Statham,16473
422,Stranger Things season 4,16451
423,Arnold Schwarzenegger,16421
424,Mamitha Baiju,16394
425,Darnell Washington,16388
426,Interstellar (film),16372
427,List of highest-grossing Indian films,16355
428,Clint Eastwood,16344
429,Telusu Kada,16343
430,Lisa Riley,16292
431,Victor Wembanyama,16290
432,Eli Manning,16273
433,Double champions in MMA,16257
434,Rose Namajunas,16255
435,The Last Frontier (2025 TV series),16239
436,Josh Hutcherson,16194
437,ARC Raiders,16168
438,Assassination of Charlie Kirk,16155
439,Cleto Escobedo III,16129
440,2025 ATP Finals,16093
441,Mae Martin,16075
442,2026 FIFA World Cup qualification – UEFA Group K,16056
443,2021 West Bengal Legislative Assembly election,16003
444,Timothée Chalamet,15999
445,Assassination of James A. Garfield,15945
446,Limonene,15923
447,Hazbin Hotel,15863
448,I'm a Celebrity...Get Me Out of Here! (British TV series) series 25,15801
449,Dynamite Kiss,15796
450,Chief Minister of Bihar,15786
451,Marty Supreme,15736
452,Anneka Rice,15715
453,Murder of Fernando Báez Sosa,15705
454,Yoko Ono,15684
455,New York City,15683
456,Lokah Chapter 1: Chandra,15679
457,Katseye,15673
458,2026 FIFA World Cup qualification – CAF second round,15596
459,Wordle,15572
460,Jack Whitehall,15552
461,Relationship of Donald Trump and Jeffrey Epstein,15548
462,Roman Kopylov,15524
463,Jimmy Wales,15516
464,Sara Cox,15511
465,Saturday Night Live season 51,15509
466,Grover Cleveland,15497
467,DR Congo national football team,15492
468,Wikipedia:Contact us,15467
468,Adou Thiero,15467
470,The Carpenter's Son,15415
471,Bruce Willis,15402
472,June 1962 Alcatraz escape,15396
473,Rashtriya Janata Dal,15339
474,Miles Teller,15333
475,Michael Shannon,15323
476,Lindsay Lohan,15300
477,November 16,15296
478,Lara Ricote,15295
479,Angelina Jolie,15285
480,Condoleezza Rice,15244
481,Margaret Qualley,15233
482,World War I,15227
483,Alexa Grasso,15192
484,JD Vance,15175
485,Pedro Pascal,15147
486,Simon Harmer,15140
487,TNT Sports (United Kingdom),15136
488,AC/DC,15128
489,Elvis Presley,15126
490,Dagestan,15118
491,Sensate focus,15117
492,Bob Dylan,15098
493,Ek Deewane Ki Deewaniyat,15090
494,Oliver Hudson,15088
495,Val Kilmer,15074
496,Pope Leo XIV,15071
497,David Harbour,15067
498,Caroline Kennedy,15059
499,Materialists (film),15033
500,Taylor Sheridan,15009
501,Lena Waithe,14990
502,Armando Broja,14969
503,Alexander Volkanovski,14960
504,File:WNBA logo.svg,14926
505,The Mighty Nein,14916
506,William the Conqueror,14906
507,UFC White House,14894
508,Ivana Trump,14841
509,Andrew Mountbatten-Windsor,14838
510,Melania Trump,14815
511,Our Lady Peace,14803
512,Prithviraj Sukumaran,14785
513,Odessa A'zion,14777
514,Aaron Rodgers,14748
515,Cameron Diaz,14732
516,Sabrina Carpenter,14705
517,Nuremberg trials,14679
518,Roman Kemp,14642
519,Ram Vilas Paswan,14631
520,Baahubali: The Epic,14612
521,Joe Keery,14593
522,V. Vijayendra Prasad,14581
523,Dynatrace,14570
524,Diane Keaton,14568
525,Albert Einstein,14542
526,Down Cemetery Road,14539
527,Temba Bavuma,14531
528,Patrick Mahomes,14523
529,2025 Nepal Premier League,14498
530,Nishaanchi,14478
531,Ken Burns,14458
532,Vanessa Kirby,14455
533,2022 FIFA World Cup,14451
534,Hridhu Haroon,14441
535,As You Stood By,14424
536,Jan Suraaj Party,14414
537,Doris Day,14410
538,List of men's footballers with 50 or more international goals,14385
539,Jon Voight,14360
540,Queen Victoria,14352
541,Varanasi (2027 Film),14338
542,Black Phone 2,14335
543,Macaulay Culkin,14325
544,Jim Carrey,14312
545,Matthew Macfadyen,14305
546,Kyrgyzstan,14293
547,Tej Pratap Singh Yadav,14291
548,Michael J. Fox,14289
549,Rachel Cooke,14268
549,Sinners (2025 film),14268
551,Facebook,14258
552,Claudia Winkleman,14238
553,Avatar: Fire and Ash,14217
554,Haq (2025 film),14199
555,Dick Cheney,14193
556,Rutherford B. Hayes,14188
557,Jonathan Banks,14182
558,Dua Lipa,14142
559,Jamie Campbell Bower,14122
560,Heimir Hallgrímsson,14118
561,Lux (Rosalía album),14085
562,Winona Ryder,14053
563,Ted Bundy,14042
564,Sylvester Stallone,14037
565,Clinton–Lewinsky scandal,14011
566,Chernobyl disaster,13982
567,Jeffrey Dahmer,13961
568,RRR,13956
569,Antonio Nusa,13933
570,Joe Flacco,13917
571,Abraham Lincoln,13909
572,J. J. McCarthy,13898
573,Drake Maye,13893
574,The Chair Company,13889
575,Chiedozie Ogbene,13877
576,Bruce Lee,13872
577,China,13849
578,Thamma,13842
579,Jonas Brothers,13814
580,Chad Powers,13798
581,Sisu (film),13790
582,Mark Kaylor,13784
583,George W. Bush,13774
584,Luke Humphries,13771
585,Nutty Putty Cave,13759
586,List of Super Bowl champions,13716
587,Strictly Come Dancing,13702
588,Robin Williams,13701
589,Mark Kerr (fighter),13697
590,2026 FIFA World Cup qualification – UEFA Group D,13665
590,Anthony Bourdain,13665
592,Chloe Bennet,13642
593,Grey's Anatomy,13640
593,Heath Ledger,13640
595,Richard Speck,13620
596,2025 in film,13582
596,WhatsApp,13582
598,Rabri Devi,13580
599,Lily Allen,13577
600,Dracula: A Love Tale,13560
601,Manning family,13539
602,Eva Longoria,13529
603,Nicolás Maduro,13524
604,Elizabeth Taylor,13517
605,Gareth Edwards (rugby union),13516
606,Monster: The Ed Gein Story,13508
607,Tim Berners-Lee,13497
608,Mary-Louise Parker,13487
609,Italy national football team,13477
610,Superman (2025 film),13464
611,2026 West Bengal Legislative Assembly election,13443
612,Prince (musician),13430
613,Liam Neeson,13428
613,Shibani Dandekar,13428
615,Douglas Kelley,13404
616,Little Saint James,13391
617,Japan,13383
618,2026 FIFA World Cup qualification (CONMEBOL),13378
619,Lok Janshakti Party (Ram Vilas),13357
620,Lawson Luckie,13348
621,Edgar Wright,13346
622,Gabe Newell,13343
623,Laura Loomer,13333
624,Albania national football team,13314
624,Anne Hathaway,13314
626,Kylian Mbappé,13303
627,Machine Gun Kelly (musician),13298
628,Sean Tucker (American football),13295
628,Brad Pitt,13295
630,Yungblud,13281
630,List of highest-grossing films,13281
632,Wikipedia:About,13255
633,XXXX,13225
634,Tua Tagovailoa,13224
635,Matt Cardona,13139
636,Janata Dal (United),13133
637,De De Pyaar De,13117
638,Karoline Leavitt,13080
639,Esmir Bajraktarević,13026
640,Kyle Daukaus,13019
641,Michael Wolff (journalist),13018
642,World Rugby Rankings,13003
643,Rama Duwaji,12966
644,Franklin D. Roosevelt,12953
645,Venezuela,12948
646,Anthony Hopkins,12944
647,Limnic eruption,12942
648,Jack White,12932
649,Zendaya,12924
650,Emma Stone,12922
651,Anne Heche,12904
652,The Super Mario Galaxy Movie,12898
653,Hillary Clinton,12877
654,Stephen King,12876
655,Catherine the Great,12856
656,Huma Qureshi,12827
657,Matt Damon,12824
658,Kamini Kaushal,12816
659,Bharatiya Janata Party,12799
660,Bruce Springsteen,12777
661,2026 elections in India,12758
662,Wiki,12755
663,Kai Trump,12752
664,David Attenborough,12728
665,Velký vlastenecký výlet,12726
666,Christy (2025 American film),12724
667,2011 land acquisition protests in Uttar Pradesh,12723
668,Al Pacino,12704
669,Dave Franco,12699
669,Kim Kardashian,12699
671,List of current Indian ruling and opposition parties,12696
672,Henry VIII,12695
673,Eternity (2025 film),12676
674,Callum Styles,12673
675,The Wizard of Oz,12672
676,Sadie Sink,12659
677,Ethan Slater,12653
678,Ronald Reagan,12624
679,Jesse Plemons,12619
680,69 (sex position),12612
681,List of I'm a Celebrity...Get Me Out of Here! (British TV series) contestants,12611
682,2026 Winter Olympics,12604
683,Charlie Sheen,12596
684,Pierce Brosnan,12595
685,List of American films of 2025,12590
686,Snoop Dogg,12586
687,Guyana,12561
688,Abdulmanap Nurmagomedov,12560
689,David Duchovny,12521
690,Ethan Hawke,12503
691,Robert De Niro,12486
692,Mel B,12475
693,Harry Potter (film series),12468
694,Kallmann syndrome,12439
695,Sophia Lillis,12438
696,Theodore Roosevelt,12432
697,Rami Malek,12427
698,Cullinan Diamond,12412
699,Dog Day Afternoon,12405
700,Mira Nair,12399
701,Gaten Matarazzo,12395
702,Nymphomaniac (film),12366
703,Conor McGregor,12343
704,Sisu: Road to Revenge,12331
705,OnlyFans,12316
706,Russia,12302
707,George VI,12301
708,Mia Khalifa,12300
709,List of United States cities by population,12295
710,Predator: Killer of Killers,12291
711,Colin Jost,12268
712,September 11 attacks,12248
713,Franklin Richards (character),12245
714,Morena Baccarin,12239
715,2025–2027 World Test Championship,12236
716,2025 Islamabad suicide bombing,12225
717,Jon Bon Jovi,12211
718,Jesus,12179
719,List of Priyanka Chopra performances,12156
720,Napoleon,12140
721,Woody Harrelson,12124
722,Eve Best,12114
723,Democratic Republic of the Congo,12113
724,2025 Formula One World Championship,12110
725,Superbon Singha Mawynn,12103
726,Rufus Sewell,12086
727,Lisa Marie Presley,12066
727,Them (TV series),12066
729,Michael Jordan,12040
730,Brian Scalabrine,12021
731,Jackie Chan,12018
732,MacKenzie Scott,12001
733,Gary Oldman,11996
734,Jeff Goldblum,11990
735,Jeannette Jara,11986
736,Soviet Union,11981
737,Sylvinho,11976
738,Meezaan Jafri,11975
739,Patrick Herbert (American football),11970
740,TikTok,11966
741,Robert F. Kennedy Jr.,11939
742,Clark Gable,11910
743,Thomas Tuchel,11906
744,Christina Grimmie,11885
745,Australia,11879
746,Hungary national football team,11878
747,USS Gerald R. Ford,11872
748,Kris Jenner,11864
748,Mack Hansen,11864
750,Euphoria (American TV series),11862
751,Maya Hawke,11848
752,Lizzy Caplan,11824
753,Shohei Ohtani,11823
754,Martin Scorsese,11822
755,Mason Rudolph (American football),11810
756,Jameela Jamil,11797
757,2026 FIFA World Cup qualification – AFC fifth round,11794
758,2026 FIFA World Cup qualification – UEFA Group C,11785
759,"Welcome Back, Kotter",11781
760,Lee Pace,11779
761,Pentium FDIV bug,11760
762,Kevin Jonas,11754
763,Marcus Plautius Silvanus (praetor 24),11751
764,John Travolta,11749
765,Lewis Cope,11740
766,Tom Hanks,11733
767,Elizabeth I,11730
768,Bernie Kosar,11700
769,Joseph Stalin,11695
770,Manchester Arena bombing,11693
771,Gavin Newsom,11683
772,Harold Godwinson,11682
773,Sandra Bullock,11675
774,The Manipulated,11650
775,Ravindra Jadeja,11646
776,Kevin James,11636
777,2026 FIFA World Cup qualification – UEFA Group H,11620
778,Jacqueline Kennedy Onassis,11604
779,Ryan Reynolds,11598
780,Manny Jacinto,11589
781,Carice van Houten,11588
782,Hettienne Park,11579
783,Renée Zellweger,11567
784,List of countries by GDP (nominal) per capita,11558
785,Fernando Mendoza,11555
785,112th Grey Cup,11555
785,Frankenstein's monster,11555
788,Emma Thompson,11553
789,Kirsten Dunst,11549
790,The World's Billionaires,11537
791,Dennis Rader,11536
792,Finn Wolfhard,11535
793,Joe Biden,11532
794,Tony Shalhoub,11528
795,Brendan Fraser,11517
796,House of Guinness,11484
797,2025 ATP Finals – Singles,11482
798,Saalumarada Thimmakka,11464
799,Robert Pattinson,11458
800,Singapore,11441
801,2025 New York City mayoral election,11438
802,Pete Davidson,11437
803,Jess Glynne,11434
804,Robert Maxwell,11427
805,Kristen Bell,11423
806,The Beatles,11421
807,Vanessa Trump,11397
808,Namrata Shirodkar,11395
809,Florence Pugh,11392
810,Stevie Nicks,11365
811,Katy Perry,11361
812,James Cameron,11355
813,Girija Oak,11354
814,Severance (TV series),11352
815,Jennifer Connelly,11341
816,Generation Z,11322
817,Edward VIII,11314
818,President of the United States,11308
819,Yellowstone (TV series),11307
820,Tracey Edmonds,11306
821,Taiwan,11303
822,John F. Kennedy Jr.,11300
823,George V,11299
824,Demon Slayer: Kimetsu no Yaiba – The Movie: Infinity Castle,11295
825,Vietnam War,11294
826,Z-Library,11292
827,Paris Jackson,11285
828,Margot Robbie,11284
829,Steve Jobs,11271
830,Jordon Ibe,11268
831,Vaibhav Sooryavanshi,11230
831,Pierson Fodé,11230
833,Bigg Boss Kannada season 12,11226
834,Merab Dvalishvili,11199
835,T. E. Lawrence,11192
836,2030 FIFA World Cup,11166
837,Josh Brolin,11163
838,Joseph Quinn,11160
839,Rugby union,11140
840,Neymar,11137
840,Emilia Jones,11137
842,Justice Smith,11133
843,Ana de Armas,11131
844,Caroline Flack,11130
845,Adam Brody,11127
846,Idli Kadai,11114
847,Mexico,11103
848,Christopher Nolan,11099
848,Deirdre O'Connell (actress),11099
850,Sexual intercourse,11091
851,The Morning Show (American TV series),11089
852,George H. W. Bush,11083
853,Erika Kirk,11062
854,Michelle Randolph,11055
855,Malik Willis,11040
856,Henry Cavill,11032
857,Al Capone,11026
858,Kewan Lacy,10991
859,William McKinley,10985
860,Sacha Baron Cohen,10980
861,John Cena,10977
862,The Spectacular Now,10971
863,2026 FIFA World Cup qualification – UEFA Group B,10964
864,XHamster,10946
865,Hayes MacArthur,10944
866,List of ethnic slurs,10938
867,George Washington,10905
868,National Democratic Alliance,10903
868,Sharon Osbourne,10903
870,Robert Redford,10878
871,Russell Crowe,10871
872,Canada,10860
873,2026 FIFA World Cup qualification – UEFA Group A,10852
874,Mohd. Ahmed Khan v. Shah Bano Begum,10851
875,Nahshon Wright,10846
876,Tom Sizemore,10844
877,Thanksgiving,10841
878,Meryl Streep,10836
879,Anant Kumar Singh,10827
879,Gaza war,10827
881,Benicio del Toro,10809
882,"Diana, Princess of Wales",10805
883,Dylan (dog),10784
884,Karla Homolka,10770
885,Kelly Osbourne,10760
886,Periodic table,10752
886,Billie Eilish,10752
888,Russo-Ukrainian war (2022–present),10751
888,Scooter Braun,10751
890,Future Man (TV series),10741
891,Richard Pryor,10740
892,"Mary, Queen of Scots",10736
893,Diversity (dance troupe),10720
894,Rashmika Mandanna,10718
895,Pakistan,10711
896,Scarecrow (1973 film),10705
897,Winston Churchill,10703
898,V. Sekhar,10698
899,Michelle Yeoh,10685
900,Michael (2026 film),10659
901,Brian May,10653
902,Django Unchained,10632
903,Charlie Hunnam,10631
904,List of Grey Cup champions,10627
905,Jennifer Garner,10615
906,Pam Bondi,10601
907,Dracula Has Risen from the Grave,10587
908,Alan Rickman,10582
909,Travis Kelce,10568
909,Jennifer Aniston,10568
911,Once Upon a Time in Hollywood,10566
912,AJ Dybantsa,10564
913,XNXX,10558
914,List of prime ministers of Israel,10557
915,Natalie Portman,10553
916,Dancing with the Stars (American TV series),10549
917,Emily Blunt,10542
917,Ginnifer Goodwin,10542
917,Prey (2022 film),10542
920,National Football League,10541
921,Lady Gaga,10533
922,Michelle Trachtenberg,10519
923,Richard Nixon,10515
924,Naomi Watts,10513
925,Spider-Man: Brand New Day,10511
926,Janshakti Janata Dal,10510
927,Predator (film),10509
928,Lucas Pinheiro Braathen,10503
929,Ashley Padilla,10502
930,Emma Watson,10492
931,Armenia,10487
932,Honey Irani,10484
933,Cate Blanchett,10481
934,Breaking Bad,10455
935,Priscilla Presley,10450
936,Joe Pichler,10448
937,Opinion polling for the 2025 Chilean presidential election,10447
938,Twitter,10434
939,Diane Kruger,10428
940,Yue-Sai Kan,10424
941,Benny Blanco,10418
942,Sanae Takaichi,10408
943,The Woman in Cabin 10,10400
944,Johnny Depp,10398
945,Dara O'Shea,10391
946,Osama bin Laden,10390
947,Gerald Meerschaert,10389
948,Alexander Hamilton,10379
948,Brittany Murphy,10379
950,Nicole Kidman,10359
951,Top Gun: Maverick,10353
952,Victor Frankenstein,10341
953,Grey Cup,10337
954,Uma Thurman,10333
955,2025 Champion of Champions,10332
956,Rebecca Ferguson,10324
957,José Antonio Kast,10317
957,Red Scare (podcast),10317
959,Killing of Ajike Owens,10308
960,Turkey,10305
961,Quentin Tarantino,10297
962,High Potential,10291
963,2026 Men's T20 World Cup,10289
964,Vladimir Putin,10279
965,Hart family murders,10277
966,David Bowie,10274
967,2025 Japan Masters,10269
968,Paul McCartney,10267
969,Robin Hood (2025 TV series),10260
970,Philip Seymour Hoffman,10257
971,Taskmaster (TV series),10242
972,Roblox,10239
973,The Mask (1994 film),10209
973,Shakira,10209
975,Sudanese civil war (2023–present),10203
976,Mel Brooks,10202
977,Nitto Denko,10198
978,A,10185
979,Alexander Sørloth,10184
979,List of countries and dependencies by population,10184
981,Maxton Hall—The World Between Us,10180
982,Jay Kelly,10173
983,2026 FIFA World Cup qualification – UEFA Group J,10156
984,Ottoman Empire,10154
985,Marburg virus,10152
986,The Godfather,10147
987,Inglourious Basterds,10144
988,Madonna,10143
989,Saturday Night Live,10133
990,West Bengal Legislative Assembly,10117
990,Cardi B,10117
992,Ejae,10086
993,Christy Martin,10084
994,Ben Affleck,10077
995,Tom Felton,10072
996,Muhammad Ali,10066
997,2010 Bihar Legislative Assembly election,10056
998,Avatar (2009 film),10055
998,Dwayne Johnson,10055
1000,Israel,10054
